store_location	store_name	store_rating	user_id	user_rate	user_review	user_time
대전시 유성구 지족동 981-2	다알리	4.3	준영	맛있다	수요미식회 피자편에서 짤막하게 소개되었던 피제리아 다알리에요! 예전부터 너무 가보고싶었는데 멀어서 미뤄두다가 드디어 방문했어요ㅎㅎ 삼일절 공휴일에 방문해서 그런지 사람이 꽉꽉 차있더라구요.$e$ 저희는 둘이서 프로슈토 루꼴라 피자랑 오리지널 까르보나라 먹었어요.$e$ 일단 식전빵에 나오는 드레싱이 바질페스토라 너무 좋았어요! 대전에서 바질 먹을 일이 진짜 없는데 오랜만에 진짜 열심히 찍어먹었네요ㅎㅎ 빵은 쫀득해서 좋지만 꽤 짭쪼롬한 편이에요.$e$ 프로슈토 루꼴라 피자는 정말 루꼴라 한가득 나와서 좋았어요! 일단 도우가 쫀득하게 맛있어서 너무 좋더라구요ㅠㅠ 이런 나폴리 피자 너무 좋아요.. 근데 뭔가 다른 피제리아보다 조금 간이 센 느낌..? 조만간 다른데 다시 가봐야겠어요.$e$ 까르보나라는 생각보다 쏘쏘했어요. 노른자로 만든 스타일 좋아하긴 하는데 면을 탄탄하게 삶아주시더라구요. 전 오리지널은 좀 퍼진듯이 한걸 좋아해서 좀 아쉬웠어요. 오리지널 말고 다른 파스타 주문했었다면 더 만족스러웠을 것 같아요ㅎㅎ	2017-03-06 12:21:01
대전시 유성구 지족동 981-2	다알리	4.3	Gastronomy	맛있다	대전 월드컵경기장 근처에 위치한 이탤리언 핏제리아. 최근 수요미식회에 나왔다고 함. 이탤리에서 직접 핏제리아 인증을 받았다고 여기저기 써놓았음. 대전이 도시규모와 인구수에 비해서 너무 맛집의 불모지임. 항상 대전 방문시마다 고민하게 됨. 점심에 방문하니 생각보다 한가함. 마르게리따와 알리오올리오를 주문함. 뭔가 기본메뉴를 먹어서 판단하고자 함. 비주얼은 굿임. 화덕에서 구운 티가나는 크러스트의 자국. 치즈가 약간 부족한감이 있긴하지만 맛있음. 덜느끼하고 덜짜서 자꾸 먹게됨. 알리오올리오도 중상이상. 약간 염도가 떨어지긴 하지만 면의 익힘정도도 좋고 마늘의 향도 면에 잘 배었음. 두명이서 피자와 파스타를 먹다보니 순식간에 다먹어서 하나 더 주문함. 살라미가 들어간 피자를 주문함. 살라미가 큼직하고 오일리하며 짭조름함. 딱 좋음. 이것도 흡입함. 마지막은 라바짜 에스프레소로 마무리함. 폭풍흡입하고 삼십분정도 지나니까 배터져서 죽을 뻔 함.	2016-05-24 17:07:35
대전시 유성구 지족동 981-2	다알리	4.3	한은영	맛있다	서울에서 세종으로 이사와서 제대로 맛을 내는 피자와 파스타를 찾던 중에 알게 된 다알리. $e$갈 때마다 만족스러운 맛과 서빙으로 감동받고 나오는 곳입니다. 이런 맛 집 소문내면 웨이팅 길어져서 안하는 사람인데 ㅋㅋ 다알리는 정말 추천해요.	2016-08-01 13:32:06
대전시 유성구 지족동 981-2	다알리	4.3	뇽뇽	맛있다	살라미 들어간 피자 먹었어요$e$피자 크기가 작다고 듣고 갔는데 생각보다 컸어요$e$그리고 간이 좀 심심할줄 알았는데 제 입에는 딱 맞았어요$e$제가 심심하게 먹는 편이라선가 보통 다른 피자들은 간이 세서 먹고나면 입이랑 속이 좀 불편했는데 여기는 맛이 깔끔하고 담백했어요!$e$도우도 쫄깃쫄깃하고 맛있었습니다$e$재방문 의사 있고 다음번엔 루꼴라나 치즈피자 먹어보려구요	2016-10-31 13:15:58
대전시 유성구 지족동 981-2	다알리	4.3	myounG	괜찮다	꽤 괜찮은 화덕피자집.$e$주중 저녁인데 손님이 꽤 많고, $e$서빙이 조용조용히 친절해서 좋다.$e$맛도 무난하게 괜찮았다.	2015-10-22 21:31:43
대전시 유성구 지족동 905-3	연스시	3.7	성지호	맛있다	내부가 깔끔하고 매우 합리적인 가격! 점심특선 10000원인데 샐러드에 계란찜이랑 미니우동까지 나와요! 초밥종류는 조금씩 바뀌는것 같지만 다 맛있음 ㅎㅎ	2016-08-13 11:10:09
대전시 유성구 지족동 905-3	연스시	3.7	Mr.Kang	괜찮다	노은동에서 제법 알려진 맛집.$e$연어초밥이 정말 맛있음. 두툼한 연어살에 밥의 양은 다소 적은 편.$e$스시에 대해서 잘 모르긴 하지만, 아마 쌀과 회의 비율은 이 집의 선택이 맞는듯. $e$다른 초밥도 괜찮은 편.$e$가성비 좋은 초밥집이며 재방문 의사 있음.	2015-08-15 20:41:29
대전시 유성구 지족동 905-3	연스시	3.7	shining	별로	저녁에 가서 오늘의 초밥 시켰다$e$대전 와서 처음 먹는 초밥이래 열심히 찾아보고 신나서 갔는데$e$왜인지 모르겠지만 맛이 없다. 밍밍한 느낌...$e$대전에 초밥 잘 하는 집이 그렇게 없나 싶어 아쉽기도 했다	2016-05-15 12:47:04
대전시 유성구 지족동 905-3	연스시	3.7	먹는다개론	괜찮다	연스시초밥세트$e$22000원정도에 12피스.$e$$e$- 왕새우 초밥 식감이 상당히 좋다.$e$- 토치에 구운 연어 아부리가 상당히 훌륭$e$- 나머지 초밥은 적당히 맛있는 초밥과 비슷	2017-04-08 21:08:17
대전시 유성구 지족동 905-3	연스시	3.7	kimilonko	맛있다	대전에서 가장 좋아하는 스시집!! 생선이 두툼하고 밥이 적어 좋다 특히 연어를 많이 먹는데 좋다 ㅋ 연어아부리도 괜찮은듯!!!	2015-09-06 19:30:46
대전시 유성구 지족동 894-5	살롱드키키		준영	별로	디저트류가 과하게 달고 입에 잘 안맞네요	2017-05-04 17:42:12
대전시 유성구 지족동 981-9	소풍		정수지	맛있다	브런치 카페로 딱 좋아요	2015-07-20 18:41:42
대전시 유성구 지족동 906-1	항아리보쌈		내사랑 똘복이준서~♡	괜찮다	고기가 무엇보다 좋다~아가가 먹기에도 굿~항아리같은 그릇에 나와 좀더 오래 따끈한듯. 김치도 맛있고~가격대비 양이나 맛은 매우 좋다~친절한 사장님과 종업원때문에 기분좋게 다녀올수 있는곳~포장도 넉넉히 잘주시는 듯	2015-10-10 23:18:07
대전시 유성구 지족동 906-1	항아리보쌈		찐	괜찮다	냄새도 안나고 부들부들한고기에          $e$보쌈김치해서 먹으면 꿀맛이다$e$고기만 먹어도 맛남$e$소 싸이즈가 둘이먹으면 양은 보통인것같음$e$다른프랜차이즈보쌈집들보다김치가 덜 달아서 좋음	2015-08-07 12:17:53
대전시 유성구 지족동 912-7	거저울		성지호	맛있다	국화나물밥 2인분이에요! 정성이 가득 들어간 나물빈찬과 곤드레밥에 양을 생각하면 가성비 갑입니다. 반찬은 콩나물 무침. 애호박 볶음. 취나물 무침. 깍두기. 두부미나리무침. 외 나물 종류가 몇가지 더 있고 시래기된장국이랑 곤드레밥. 상추무침. 그리고 매콤하면서 향긋한 이집만의 특제 간장이 있어요! 간장이 그냥 짜기만 한게 하니라 매콤하면서도 나물향이 향긋하게 나서 더 맛있네요. 제가 워낙 싱겁게 먹는 편이라 국이 조금 짜긴 하지만 저희 부모님은 맛있게 드시고 전체적으로 간이 심심한 편이라 좋네요! 반찬 종류는 매번 조금씩 바뀌는것 같아요! 추천♡♡	2016-10-21 14:40:08
대전시 유성구 지족동 912-7	거저울		성지호	맛있다	나물밥 1인 7000원.$e$항상 포장만 해 갔었는데 오늘은 가게에서 먹었어요!$e$곤드레나물밥에 다양한 종류의 나물과 밑반찬이 나오는데 간도 딱 적당하고 재료도 신선해서 맛있어요. 같이 나오는 배추 된장찌개는 간이 조금 있는 편이긴 하지만 밥이 싱겁기 때문에 비빔밥이랑 같이 먹기 좋아요.$e$같이 나오는 나물은 시기별로 조금씩 달라지는것 같기는 하지만 애호박 볶음은 항상 있었던것 같고 반찬은 건새우마늘쫑볶음과 시금치두부무침? 은 항상 있었어요.$e$밥을 워낙 많이 주셔서 2인분 포장해 가면 저희 부모님과 저까지 셋이서 먹는데 가게에서는 아예 비닐봉지를 얻어서 밥을 싸갔어요 ㅋㅋ$e$ 집에올때면 꼭 가는곳!$e$추천♡	2016-12-29 15:49:38
대전시 유성구 지족동 912-7	거저울		이연주	맛있다	머리하러 노은역 갔다가 이것에 검색하고 갔는데 $e$반찬이 너무너무 좋은반면 밥은 누릉지는 진짜 최고였지만 곤드레 나물밥은 대추맛이 너무 강해 좀 아쉬웠어요$e$그래도 반찬이 너무 좋았어서 집밥 생각날때 또가고싶어요^^	2016-11-09 23:43:24
대전시 유성구 지족동 912-7	거저울		얼굴빨개지는아이	맛있다	나물 반찬 종류가 엄청 많고 모두 하나같이 맛있어요. 정성스럽고 건강하게 맛있는 맛입니다. 추천합니다.	2016-10-24 20:53:40
대전시 유성구 지족동 912-7	거저울		ChangYoon Kyang	맛있다	깔끔한 곤드레밥에 고소하게 무친 각종 나물들! 거기다 구수~한 된장국, 새콤한 겉절이. 엄마 밥생각난다. 풀좋아하는사람이라면 흡입.	2015-02-07 16:18:02
대전시 유성구 지족동 910-25	휘향		midwinter*	맛있다	지족동 우체국 옆 건물 3층에 있는 휘향! 입구부터 느껴지는 전체 분위기는 카페 같지만 중식 레스토랑이더라구요. $e$샐러드바가 있어서 음식 기다리는 동안 호박죽과 맛탕, 춘권과 샐러드를 맘껏 가져다 먹을 수 있었어요. 특히 맛탕이 진짜 맛있어요! $e$또 샐러드 소스가 다른 곳보다 진한데 쉐프님이 직접 만드시는 소스라서 그런지 블루베리와 오렌지 향이 생생하고 맛이 진했어요.$e$메뉴가 전체적으로 생소하게 느껴지는데 보통의 중국집에 있는 요리는 거의 없고 중국여행가서 먹어봤던 메뉴와 여기 휘향의 쉐프님이 개발하셨다는 하얀짜장도 있고 독특한 메뉴들이 많았어요.$e$전 칠리중새우, 양장피, 동파육, 꿔바로우를 시켰는데 중국여행가서 먹은 것보다 더 신선하고 맛있었어요~^^$e$양장피도 일반 중국집보다 재료들이 더 고급스럽고 신선하더라구요. 꿔바로우는 바삭하고 쫀득하고 상큼한 소스에 곁들여진 야채랑 과일도 예쁘게 들어있어요^^ 중국집 배달 시키면 오는 뭉근한 야채의 탕수육이나 풀죽은 양장피랑 차원이 달라요ㅋㅋㅋ$e$칠리새우도 맛있고 동파육은 술안주로 좋다고 부모님도 좋아하셨어요ㅋㅋㅋ	2016-05-24 23:28:35
대전시 유성구 지족동 910-25	휘향		정기훈	맛있다	엄청 친절하시고 인공조미료 맛이 안느껴진 건강하지만 맛있는 음식!!	2016-09-30 18:23:01
대전시 유성구 지족동 910-25	휘향		irene	별로	별로	2016-08-19 02:06:40
대전시 유성구 지족동 905-1	명랑쌀핫도그		성지호	맛있다	요즘 많이 보이는 명랑 핫도그! 유명세 때문인지 빔 10시 15분쯤 방문했는데도 사람들이 줄 서서 기다리고 있었어요. 키는 160이면서 몸무게는 39키로 밖에 안나가는 제 친구는 하나로는 성에 안차니 두개 막어야 겠다면서 모짜렐라 인더 핫도그만 두개 사서 소스를 쭉쭉..... 설탕을 듬뿍....$e$냠냠 짭짭 맛있게 먹으면서 모찌렐라 핫도그는 케찹과 머스타드를 많이 뿌려야 맛나다고 하더라구요. 그리고 느끼하니까 탄산이랑 같이 먹으라고 조언해 줬어요 ㅋㅋ$e$나름 미식가인 친구의 말을 믿고 추천!	2017-01-03 22:21:36
대전시 유성구 지족동 905-1	명랑쌀핫도그		성지호	맛있다	모짜렐라 치즈 핫도그 1500원.$e$4분 기다리면 된다고 했지만 15분 기다린건 안비밀... 요새 여기저기 엄청 많이 생기길래 한두달 있으면 거품 꺼져서 망하겠거니 했더니 웬일로 사람이 끊이지 않네요. 근처에 학원가가 많아서 학싱들도 많이 사먹지만 어른들도 와서 한번에 4~5개씩 포장해가곤 하세요.$e$소스 듬~뿍 뿌려서 매콤 짭짤 달콤한게 아주 자극적이였어요. 제가 msg의 노예라는 사실을 요즘 자주 자각하고 있답니다...ㅋㅋ$e$막 튀겨서 그런지 치즈도 쭉쭉 늘어나는게 진짜 맛있았고 기다리는 시간이 좀 길긴 했지만 지나가다가 한번씩 사먹고 싶을것 같아요!	2017-02-03 23:33:23
대전시 유성구 지족동 905-1	명랑쌀핫도그		성지호	맛있다	사진 2개다 먹물핫도그에요.$e$가게가 생긴지 좀 됐는데도 사람이 무지 많네요;; 대기번호가 202번, 203번 이였고 15분정도 기다려야 했어요. 생각보다 중고등학생들이 많이 이용하고 학교 마칠시간쯤 되면 초등학생들도 많이와요. 커플들이나 아주머니들도 오시는디 특히 아주머니들은 한번에 대여섯개씩 포장해가시네요 ㄷㄷ$e$명랑 핫도그는 빵 부분이 튀겨져서 바삭할 뿐만 아니라 쫀득하고 안에 치즈도 들어있어서 좀더 색다룬 느낌의 핫ㄷㅎ그인것 같아요. 종류도 다양하고 핫도그만를 메뉴로 걸고 파는 가게는 처음이라 그런지 사람이 끊이지가 않네요.	2017-02-21 20:15:45
대전시 유성구 지족동 905-1	명랑쌀핫도그		두부	괜찮다	워낙 핫도그를 좋아해서 그런지 괜찮았다$e$내가 원하는대로 소스랑 설탕 묻힐 수 있고$e$손님이 많은데도 오래 기다리지 않고 먹을 수 있었다.$e$특별한 맛을 기대하고 갈 집이 아니라 가격대비 먹을만 한 정도의 핫도그	2017-02-15 16:16:16
대전시 유성구 지족동 908-17	유성닭발		백승연	맛있다	무뼈, 구워져나오는 닭발 먹었는데 닭발에서 숯불향같은거 나면서 맛있었어요. 매운거 잘 못먹는 저한테는 너무 맵긴하더라고요! ㅎㅎ 한신과 비교하자면..닭발 자체는 유성이 더 좋은데 주먹밥은 한신이 훨~~~씬 맛있어요! ㅎㅎ	2017-01-26 01:28:11
대전시 유성구 지족동 908-17	유성닭발		찐	맛있다	닭발은 안좋아하지만 유성닭발 치킨이 마싯어서 자주 테이크아웃으로 집에서 먹는다$e$반반치킨이 아니라 반반반치킨!! $e$양념 후라이드 고추 세가지 다마싯음 고추치킨 정말매운데 안시키면 섭섭해서 항상 반반반으로 *	2015-08-06 15:44:02
대전시 유성구 지족동 901-3	스시다		찐	괜찮다	밥이안보이게 스시가 커서 좋아하는곳$e$싱싱한 스시들* 먹는법도 설명해주시고$e$시원한 소바도 마싯고 후식으로나오는 계란빵도 잘만듬	2015-07-15 12:24:12
대전시 유성구 지족동 905-5	폼프리츠		찐	괜찮다	여기는 2차로 간단하게 맥주마시러 가는곳$e$안주가 간단한거부터 푸짐한거까지 다양하고$e$맥주도 꿀맥주 자몽맥주 몇종류잇음$e$맥주는 오리지널이 가장 맛있음ㅋㅋ$e$포테이토가 엄청커서 하나시키면 안주는 끝	2015-08-17 09:45:57
대전시 유성구 지족동 905-5	폼프리츠		김늑	맛있다	여기는 2차 또는 3차로 좋은곳 코젤라거 진짜 맛있음 ㅋㅋ	2015-09-06 18:24:14
대전시 유성구 지족동 907-22	커피니		성지호	맛있다	마카롱 프라페, 티라미슈$e$사실 예전에 먹은거라 가격이 잘 기억이 안나요 ㅠㅠ$e$4등분한 마카롱을 컵 가장자리에 둘러가며 꼭꼭 박아놨는데 스트로베리, 민트, 초코, 바닐라, 레몬 등 다양한 종류의 미카롱을 모두 맛볼수 닜다는 장점이 있지만 먹으면서 살찌는게 느껴질만큼 달다구리 하다는 단점도 있지요...ㅎㅎ$e$음료는 커피, 녹차, 초코 중에 하나를 고를수 있는데 제 친구는 녹차, 저는 커피맛을 골랐어요. 가격도 좀 있었고(만원은 안넘었지만 거의 만원에 가까웠던걸로 기억해요!) 칼로리폭탄이라 자주 먹기엔 부담스럽지만 가끔 생각날때가 있어요 ㅎㅎ$e$사진에 있는 저 곰모양 귀요미가 바로 티라미수인데요! 저게 제 인생의 첫번째 티라미수 였답니당♡ 코코아 파우더가 잔뜩 뿌려져 있으니 그냥 달달하겠거니 하고만 생각했었는데 치즈맛이 나서 처음엔 좀 놀랐어요. 그때부터 였어요... 티라미수같은 치즈맛에 에 눈을 뜬게...$e$사실 음료 자체는 평범하지만 오래오래 앉아서 놀기 좋다는 장점때문에 저한텐 가장 편한 카페 중 하나에요!	2017-01-03 22:50:50
대전시 유성구 지족동 907-22	커피니		성지호	맛있다	토피넛 초코라떼 4500원, 잉글리쉬 브렉퍼스트 3000원.$e$더 페이머스램에서 마신 깔끔한 잉글리쉬 브렉퍼스트 티를 상상했는데 라떼처럼 나와서 좀 놀랐어요. 달달하면서도 잉글리쉬 브렉퍼스트의 향이 나는게 좀 신기하더라구요! 토피넛 초코라떼는 마셨을때 그냥 초코라떼 맛이여서 이름에 토피넛이 대체 왜 들어간걸까? 싶었는데 밑에 다 가라앉아서 맛이 안난 거였어요 ㅋㅋ$e$카페가 전체적으로 분위기도 좋고 무엇보다도 화징실이 깨끗해서 오래 시간때울일 있을때 자주 가요. 추천!	2017-01-03 22:18:17
대전시 유성구 지족동 917-11	라보떼가델아르떼		까미유	맛있다	11년을 한곳에서 허형만 선생님의 원두를 고집하고$e$그대로..지켜온..보석같은 곳.$e$커피향도 끝내주고...$e$사장님의 고집이 담긴 정통 드립커피는 정말 예술~♡♡♡$e$앤틱가구와 소품들이 가득한..$e$보물창고다락방같은  아늑한...곳..3개월에 한번은$e$시노래 콘서트도  한다는...요새 드문...아지트같은 곳.$e$하루종일 짱박혀 그림그리고 책읽을 나혼자만의 비밀장소.ㅋ	2014-12-19 13:19:35
대전시 유성구 지족동 986-1	94STREET		세영777	맛있다	오븐에  구운 치킨이  육즙이 그대로 남아 부드럽고  ㆍ고소한  맛이  일품이었습니다ㆍ$e$저온 숙성 시켰다는 생맥주 맛은 독일정통  맥주 맛을 느끼는 듯 하였습니다ㆍ$e$한마디로  94번가 치맥  끝내줘요!	2016-08-06 11:36:47
대전시 유성구 지족동 907-23	하남돼지집		Mr.Kang	맛있다	여기 정말 즐겨찾는 단골집인데 리스트에 없어서 직접 식당 추가함. $e$사장님 이하 직원들 모두 친절하셔서 혼자서도 부담없이 찾음. $e$저녁 피크 타임엔 줄을 서서 기다릴 정도로 인기있는 집이라$e$주로 끼니를 거르고 야근하는 날엔 퇴근길에 들러서 소주 한병과 고기를 시켜 먹음. $e$설익혀 먹으면 육즙의 풍미가 뛰어나다고 추천할만큼 고기의 질이 좋은 편. $e$숯불로 초벌구이한 고기를 집접 구워주고 잘라주는 서비스. $e$숯불향의 고기와 함께 싸먹는 명이나물. $e$$e$단언컨데, 노은역 최고의 맛집 중 하나. $e$특히 갈매기살이 일품임.	2015-07-05 22:55:47
대전시 유성구 지족동 907-23	하남돼지집		내사랑 똘복이준서~♡	괜찮다		2015-10-10 23:22:49
대전시 유성구 지족동 910-14	마들렌과자점		구구	맛있다	노은동에서는 웬만한 사람들은 다 알만한 제과점! $e$메론빵이랑 애플파이 마카롱 수제초콜릿등 먹어봤지만 저는 개인적으로 초콜릿이랑 마카롱이 제일 맛있었어요! 어디서 들은 얘긴데 이곳에서 대전에 초콜릿 유통 한다는 얘기도 있는데 이건 어디까지 그냥 들은 얘기니ㅎㅎ그만큼 초콜릿은 맛있는거 같아요~ $e$$e$막 하나 집어먹으면 질릴정도의 느끼와 달콤은 아니고, 몇퍼센트는 카카오를 넣으시는 느낌? 뒷맛이 깔끔! 전체적인 초콜릿 맛은 달긴한데 되게 깔끔해요. 그리고 하나만 먹어도 더 안 먹어도 될만큼 만족감있음ㅋㅋㅋ 좀 아쉬운건 맛이 비슷비슷한게 많네용..$e$파리x게트 같은 프렌차이즈 초콜릿은 뭔가 가공한 싸구려맛이 나는데 여기는 안그럽니다.$e$가끔 스트레스받아서 당이 엄청 땡기는데 괜춘한 퀄러티 있는 초콜렛 먹고싶다! 하면 추천해드려용$e$$e$애플파이는.. 사실 외국에서 먹었던 그 느낌이 아니어서 패스 ㅋㅋㅋ.. 근데 이건 한국 어디 가나 다 그럴거같아요;  빵 종류도 괜찮아요. 마카롱은 예전에먹었는데 맛있는 기억이있어요 ㅋㅋㅋ(애플파이랑 다른거는 사진을 안찍어서 없네요ㅎㅎㅋㅋㅋ...)	2017-01-08 22:20:12
대전시 유성구 지족동 910-14	마들렌과자점		Jeong-Hun Shin	맛있다	전국적으로 알려진 건 대전에서는 단연 성심당이겠지만 이곳도 알음알음 알려진 곳.$e$$e$가게 이름은 마들렌 과자점이지만 개인적으로는 마들렌보다는 초콜렛이 들어간 제품이 주력이라고 생각. 항상 신선하고 좋은 재료를 쓰는 듯 함. 여기에서 구입한 빵은 냉장고에 넣어서 보관해도 1주일 정도면 곰팡이가 생길 정도로, 방부제는 전혀 쓰지 않는 것이 확실한 듯.$e$$e$메뉴는 계절 메뉴도 존재하며, 매번 조금씩 메뉴가 달라짐.$e$$e$단점이라면 동네 빵집이라기엔 조금 비싼 가격이지만 현금으로 구매 시 10% 포인트 적립도 되고, 현금 만원 이상 구매 시 1,000원 할인 쿠폰도 주기 때문에 (두 가지 혜택은 중복 적용 가능) 자주 가는 사람들에게는 유용할 듯.	2014-02-14 23:10:36
대전시 유성구 지족동 910-14	마들렌과자점		HwangYunhee	맛있다	요기 식빵 매일 엄마심부름으로사간다 ❤❤ 그리고 사다달라는사람도 많아서 여러개사들고니가는날도 많아요 다른빵들도맛있어요 카스테라 ❤	2016-02-07 16:26:03
대전시 유성구 지족동 910-14	마들렌과자점		ChangYoon Kyang	맛있다	효모빵이라던가 애플파이, 쿠키는 추천! 케잌은 종류에따라 호불호가 갈리지만 가격대비 좋습니다.	2015-02-07 16:19:30
대전시 유성구 지족동 910-14	마들렌과자점		까미유	맛있다		2014-05-27 08:11:28
대전시 유성구 지족동 918-5	타이스토리		성지호	괜찮다	전체적으로 맛은 괜찮은데 비싸다는 느낌을 지울수가 없네요. 가게가 작고 아담하지만 인터리어에서 태국 느낌이 딱 납니다. 딱 한번 갔지만 더 가기에는 돈이 아까울것 같아요. 우선 양과 맛에비해 너무 비쌈;;	2016-11-07 18:37:19
대전시 유성구 지족동 918-5	타이스토리		star	맛있다	#태국음식 정말 좋아해서 서울까지 가서 먹을 정도인데 여긴 진짜 강추~!! 이젠 서울 안가도됨$e$다른 데에 비해서 가격도 싸고 맛은 오히려 더 맛있음~ $e$$e$새우커리랑 튀김이랑 팟타이가 존맛$e$하지만 시간잘못걸리면 오래 기다려야함ㅠㅠ$e$$e$태국음식 좋아하는 사람 데리고 갈때마다 칭찬받음ㅋ$e$$e$#첫리뷰 #팟타이 #강추맛집 #타이스토리	2016-11-14 12:15:19
대전시 유성구 지족동 918-5	타이스토리		애기입맛 yuu	별로	팟타이는 먹을만 했지만 푸팟퐁커리는... 밍밍하면서 달착지근한 게 느끼했음.$e$팟타이도 매운 것보다 일반이 더 맛있을성 싶었다.	2017-04-28 16:52:08
대전시 유성구 지족동 1093	라프레즈		성지호	괜찮다	우유크림빵과 모카번을 먹었는데 상상했던것과 맛이 너무 달라요. 우선 우유크림이라길래 흰 생크림 같운걸 기대했는데 미끈덩하고 하얀게 슈크림도 아니고 설탕시럽같운 저렴한 단맛과 두꺼운 빵피.... 결국 다 못먹고 버림. 모카번은 번이니까 당연히 속이 비었을거라규 생각했는데 속에 뭐 든것도 없고 완전 보통 빵처럼 꽉 차있어서 좀 당황했어요. 모카 향도 별로 안나고 그냥 갈색 통밀빵 먹은것 같은 느낌;; 무엇보다도 빵이 좀 질긴느낌이에요. 여기에 원래 파파라는 빵집이 있었는데 처음엔 가성비갑이였다가 나중엔 가격이 갑자기 오르고 빵도 맛 없어져서 라프레즈로 바뀌었는데 여긴 파파보다 더 맛없네요. 그래도 빵집 안에 시식이 많고 포인트 적립되는 장점이 있긴 해요. 그거 아니였으면 별로 줬을텐데 그래도 아직 두가지 종류밖에 안먹어 봤으니까 괜찮다 줄게요. 하지만 다음엔 여기서 제돈주고 빵사먹진 않을것 같아요. 바로옆에 파바 있으니 거기로 ㄱㄱ	2017-02-07 18:23:59
대전시 유성구 지족동 1093	라프레즈		내사랑 똘복이준서~♡	맛있다	빵이 일단 재료들이 신선하고 담백한 듯 합니다. 그리고 질좋은 재료들을 쓰시는것 같아요~빵종류도 프렌차이즈빵집에선 볼수없는것들이 많아요~케익도 많이 달지않고 예뻐서 어르신들 생신때 드리기 좋습니다.$e$무엇보다 모든 빵들을 큼직하게 썰어놓고 시식할수 있어서 한바퀴만 돌아도 배부른듯. 초등학교끝날때쯤에 애들이 들어가서 야금야금 먹어도 전혀 개의치?않으시는^^;$e$사모님 항상 활기차시고 친절하세요~	2015-10-10 23:47:54
대전시 유성구 지족동 911-6	인생극장		Mr.Kang	맛있다	아~ 여긴 대박 맛집!!!$e$여러 사람의 강추와 그에 걸맞는 맛. $e$순한 맛, 매운 맛 모두 만족스러웠으며 서브메뉴인 최루탄 주먹밥과 용궁라면도 대박스러움. $e$함께 동행했던 일행들이 기억하는 메뉴가 각기 달랐지만 공통적으로 모든 메뉴에 만족했다는..$e$조만간 그 멤버들과 다시 찾기로 약속했음.	2015-07-04 00:16:10
대전시 유성구 지족동 911-6	인생극장		김늑	맛있다	쪽갈비치곤 살짝 비싸긴한데 맛은 기가막힘 ㅋㅋ 가끔 생각날때 가면 좋은곳	2015-09-06 18:22:34
대전시 유성구 지족동 907-19	양연화로		백승연	맛있다	오...오랜만에 주변에 괜찮은 고기집을 발견한것 같아 기분이 좋다 ㅎㅎㅎ 반찬이 이것저것 많은건 아니지만 고기랑 먹기 알맞았고 고기를 구워주시는 서비스가 맘에 들었다!! 비빔냉면까지 먹었는데 냉면도 맛있었고...명이나물이랑 먹는 목살은 정말 꿀맛!!	2016-07-21 09:05:20
대전시 유성구 지족동 907-19	양연화로		ParkJeongjoon	맛있다	고기 질이 좋아서 입에서 살살 녹음 행복 ㅠ 가격도 맛도 돼지가 아님	2016-10-11 19:04:09
대전시 유성구 지족동 1026-2	꾸드뱅		HanDayoung	맛있다	원두 종류 고르는 스타일이 빈브라더스와 똑같네~라고 생각하고 둘러보는데 빈브라더스 통이 있더라구요! 원두를 받아오는건지까지는 모르겠지만~ 커피 맛도 좋고 타르트와 빵도 맛이 좋았어요! 종류가 많아서 선택의 폭이 넓은게 넘 좋았어요!	2016-10-03 19:14:48
대전시 유성구 지족동 907-21	별미일번가동콩		환타	맛있다	최고의 가성비를 자랑하는곳!$e$삼겹살에 밥볶아먹으면 끝장.$e$술을 안마신다면 너무싸서 미안한곳.	2016-04-17 19:52:26
대전시 유성구 지족동 910-15	충만치킨		star	맛있다	믿고 먹는 #충만치킨 ~!$e$간장티꾸닭이 고추장 티꾸닭보다 맛났고$e$똥집튀김도 먹었는데 맛남$e$그런데 간장티꾸닭이랑 겹쳐서 다른거 시킬 때 같이 먹음 좋을 듯$e$$e$#치킨맛집 #치맥은사랑	2016-11-14 17:40:04
대전시 유성구 지족동 910-15	충만치킨		irene	괜찮다	기대보다는 별로였다.. 다른 메뉴도 먹어보고 싶음	2016-09-03 03:06:19
대전시 유성구 지족동 910-4	철구네떡볶이		내사랑 똘복이준서~♡	괜찮다	오랫동안 노은동에서 트럭에서 떡볶이 파시다가 가게얻고 장사하시는 집. 떡볶이 맛도 좋고 튀김맛도 좋음. 주변 프랜차이즈가게들에 비해 떡볶이 맛이 진한편~	2015-10-10 23:32:03
대전시 유성구 지족동 910-10	뜨레돌체		Mr.Kang	괜찮다	전에도 밝힌 바와 같이 디저트를 좋아하지 않음. $e$하지만 여성 동지들이 합석한 저녁회식의 2차는 술집보다 디저트 카페를 선호. $e$노은역 주변의 뜨레돌체. '뜨레'가 숫자 3을 나타내는 이탈리어라고.. '돌체'는 달달한 디저트를 뜻함. $e$$e$카페 이름처럼 세가지 종류의 디저트를 판매함. $e$호떡, 빙수, 커피$e$$e$각 음식별로 메뉴도 굉장히 다양함. $e$우리 일행이 시킨 메뉴는 모짜렐라치즈호떡, 요거트, 아이스 아메리카노/라떼. $e$이 집의 주력 상품인 호떡은 특유의 녹말향이 고소하게 퍼지면서 달콤한 맛을 자랑함.$e$길거리의 호떡과는 차원이 다름. 가격도 비교 자체를 거부하고..$e$$e$호떡을 그 돈 주고 사먹느냐고 하는 사람이 있을 지 모르겠으나 개인적으로 와플보다는 더 입맛에 맞음. $e$와플 대신에 호떡을 선택한 사장님의 센스(?)가 빛을 발해야 할텐데..$e$$e$그리고 커피의 얼음도 단순한 정사각형의 얼음이 아니라 커피콩 모양의 검은 얼음. 아마도 커피를 얼린 모양임. $e$디테일한 센스가 맘에 드는 곳.	2015-08-06 23:02:58
대전시 유성구 지족동 910-21	회룡관		S E R A	맛있다	짜장면이 2500이당 맛은 먹을만 합니다 ㅎㅎ 근데 볶음밥이 맛있네요!	2016-01-06 20:40:21
대전시 유성구 지족동 906-5	브릴리언트		강미호	맛있다	카페 인테리어가 너무 예뻐요 지금까지 가본 카페중에 가장 예벘어요 메뉴도 최고에요 아이스크림 브라우니 한번먹으면 아이스크림 와플은 다 잊어버리게 돼요. 다른 메뉴들도 많은데 엄청 개성있어요. 담에 오면 꼭 먹어봐야겠어요.	2017-01-27 15:47:50
대전시 유성구 지족동 894-5	히다리		잉명	맛있다	맛있다! 입안에서 춤춘다는 표현을 나도 느껴볼 줄 몰라땈ㅋㅋ 오챠스케도 맛있고. 전체 코스의 양이 적절하고 몸도 따스해지고 아주 행복한 한끼였당	2017-03-02 18:54:10
대전시 유성구 지족동 903	참치하루		joooooonit	맛있다	.	2017-04-14 17:36:05
대전시 유성구 지족동 986-1	피자알볼로		내사랑 똘복이준서~♡	맛있다	맛좋고 피클도 신선해서 매우 좋고 가격은 조금 쎄지만 전혀 돈이 아깝지않은	2015-10-10 23:48:10
대전시 유성구 지족동 917-12	은구비로커피로스터즈		최희진	맛있다	유성선병원 갔다가 근처 약국엘 들르는 길에$e$뭔가 전문성이 팍팍 느껴지는 외관에 홀린듯이 들어갔다.$e$직접 로스팅까지 하시는 곳이길래 $e$오늘도 다이어트는 포기하고 라떼를 시켰다.$e$세상에 넘나 꼬숩고 부드럽다. $e$그래 라떼는 이래야지 라는 생각이 들게했던 카페!	2017-04-21 16:36:25
대전시 유성구 지족동 901-5	홍짜장		Mr.Kang	괜찮다	아무런 기대없이 눈에 띄길래 방문.$e$홍짜장이란 메뉴가 독특하고 맛있었음. 매콤한 음식 좋아하는 본인인지라 깔끔하게 먹고 나옴.$e$재방문하여 홍짬뽕도 시식.$e$큼직한 게, 홍합 등등 해산물도 실하고 아주 매콤했음.$e$하지만 개인적으로는 짜장이 더 나았음.	2015-06-29 01:20:43
대전시 유성구 지족동 901-5	홍짜장		찌용☺️	괜찮다	맛있다.$e$$e$매운 메뉴들은 진짜 매우니 조심할 것.	2014-04-10 11:55:15
대전시 유성구 지족동 901-5	홍짜장		김정창	괜찮다	가격은 보통. 맛은 약간 독특하지만 괜찮다.$e$중국식 요리는 없지만 가볍게 식사류(짜장,짬뽕)를 먹으러 가기에는 좋다.	2015-08-11 06:33:11
대전시 유성구 지족동 905-4	맘스터치		ParkJihee	맛있다	진짜 이거 먹고 친구들이랑 감동....	2015-08-11 14:25:01
대전시 유성구 지족동 984-3	깐부치킨		김정창	괜찮다	가격,양이 보통. 치킨은 맛있다.$e$크리스피치킨 추천.	2015-08-11 06:36:34
대전시 유성구 지족동 984-3	깐부치킨		김예나	맛있다		2015-09-16 23:26:31
대전시 유성구 지족동 980-1	카페씨에떼		잉명	맛있다	레몬 타르트는 레몬맛과 향이 훅 나지만, 말차 타르트는 말차가 2프로 부족한 느낌. 하지만 은은한 말차향이 좋다! 따뜻한 커피랑 먹으면 좋을 것 같다	2016-08-23 18:39:35
대전시 유성구 지족동 863-1	노은쭈꾸미		Mr.Kang	맛있다	맛있게 맵다. 겨울보다 오히려 여름에 회식 장소로 자주 이용되었던 것 같다. 이열치열인가??$e$가끔 얼얼하게 매운 맛이 땡길때 종종 찾음.$e$'식샤를 합시다(?)' 촬영도 했다고 한다.$e$쭈꾸미 볶음 후의 볶음밥은 말 안해도 진리^^	2016-02-16 15:22:41
대전시 유성구 지족동 911-4	진막창		joooooonit	맛있다	.	2017-06-18 12:10:12
대전시 유성구 지족동 840-2	만두레한우		김지현	별로	고기도 그냥그냥 분위기는 시장통...	2015-11-24 18:43:34
대전시 유성구 지족동 840-2	만두레한우		메롱	별로	몇번 손님 접대로 갔는데 비싸기만 오지게$e$비쌈 ㅋ 고기도 나쁘진않지만 비싸서 비추	2014-09-11 20:03:26
대전시 유성구 지족동 840-2	만두레한우		Hyejin Kim	맛있다	굿	2014-06-03 17:27:40
대전시 유성구 지족동 840-2	만두레한우		염혜진	괜찮다		2014-04-26 03:28:40
대전시 유성구 지족동 840-2	만두레한우		민지홍	괜찮다		2014-06-04 08:59:46
대전시 유성구 지족동 902-1	동대문엽기떡볶이		---	별로	여기 남자 사장 뚱뚱하신분 ㅎㅎ 손님 대하는 태도가 나이스하네요. 취미로 장사하시나~ 어린 학생들 무시하시지 말고요 홀에서 먹음 말 좀 걸지 말아주세요 진짜 부담스럽고 짜증나요. 전화받으실때 자기 짜증나는걸 왜 손님한테 짜증내시나요 진짜 멋지십니다!	2017-06-08 15:29:42
대전시 유성구 지족동 902-1	동대문엽기떡볶이		irene	맛있다	다른 지점에 비해 더 매움! 매운데 넘넘 맛있다❤️	2016-09-03 03:01:55
대전시 유성구 지족동 901-1	바르다김선생		Mr.Kang	맛있다	간단히 한끼 해결할 때 즐겨 찾는집.$e$참기름에 대한 자부심이 대단한 듯 하며 식재료들도 신선하여 믿고 찾는 집.$e$진미김밥, 갈비만두, 비빔국수를 주로 시킴.	2015-06-29 01:24:25
대전시 유성구 지족동 901-1	바르다김선생		장기도	괜찮다	깔끔하고 식재료 신선하다. 다만 앉아서 먹기에는 좀 공간이 협소. 일부러 찾아가기에는 대전에 몇개 없어서 수고스럽다ㅠ	2015-01-13 22:04:16
대전시 유성구 지족동 901-3	매화교자		북극곰	맛있다	간증소매 정말 맛있다. 생소한 이름의 만두였는데 일반 군만두와 궤를 달리 하는 맛이다 적절한 고기와 기타 소와 겉에 살짝 둘러진 계란의 조합이 일품	2016-04-19 11:09:34
대전시 유성구 지족동 983-1	250도 파스타		김지현	맛있다	가격적당하구요 맛도있고 부담안되고 파스타 생각날때 갈만 해요:-)	2015-11-24 18:52:53
대전시 유성구 지족동 983-1	250도 파스타		sundaybus	맛있다	맛있다~	2016-01-13 19:01:13
대전시 유성구 지족동 983-1	250도 파스타		김선희	괜찮다	맛있습니다.	2015-04-16 13:01:05
대전시 유성구 지족동 897-7	모데나		데굴데굴	맛있다	가게가 매우 넓고 주차공간도 넉넉해요$e$분위기도 아주 좋구요.$e$피자나 파스타 모두 좋았습니다.$e$담에 또 가고싶네요$e$음식 주문하면 후식까지 제공됩니다.$e$저희는 청귤에이드도 서비스로 받았습니다.$e$아직 소문이 덜 난건지 한가하더라구요.$e$나중에 혼자 파스타 먹으러 가볼 생각입니다.	2016-10-19 23:10:59
대전시 유성구 지족동 901-2	밸리하우스		성지호	맛있다	샐러드 샌드위치 3500. 속 재료를 고구마나 단호박 중 하나로 고를 수 있는데 저는 단호박으로 했어요! 전 여기 소스가 너무 싫어서 소스는 아예 다 빼달라고 했구요 사장님이 속 재료를 빵빵하게 넣어줘서 진짜 좋아요♡	2016-07-06 04:34:14
대전시 유성구 지족동 901-2	밸리하우스		강지현	맛있다		2014-06-07 23:46:57
대전시 유성구 지족동 901-1	토니버거		테오LIFE	괜찮다	생각보다 괜찮았던 맛!$e$대신 아쉬웠던점은 케이준감자양이 조금적었던.... 맘스터치와 토니버거중 선택한다고하면.... 이건 생각해봐야 할것같네요...ㅋㅋㅋ	2017-01-15 18:17:14
대전시 유성구 지족동 898-1	지음		성지호	맛있다	치즈케이크와 아메리카노 두잔.$e$치즈케이크를 사장님이 직접 만드시는데 그냥 일반적인 치즈케이크가 아니라 요거트맛이 나는 치즈케이크에요! 상큼하면서도 치즈의 느끼함이 함께 나서 찐한 치즈케이크를 느끼해서 싫어하시는 저희 엄마도 맛있게 드실수 있을 정도였어요.$e$여기 사장님이 인상이 정말 푸근하신데 성격도 엄청 좋으시고 서비스도 정말 많리 주세요. 그리고 음료 만드시는것도 엄청 혜자에요! 여름에 키위주스 시켰는데 키위주스 오픈형 키친이라 만드는 과정이 다 보여요. 그런데 키위주스 한잔에 마트에서 포장된, 일반 가정에서 사먹는 키위를 바로 포장을 척척 뜯으시더니 한 3갠가 4갠가를 넣으시더라구요? 그거보고 진짜 깜짝 놀랐어요. 정말 조미료나 첨가물 같은거 하나도 안섞고 가족들끼리 만들어 먹는것 처럼 해주셔요! 가끔 커피 원두사러 가면 카페라떼 한잔씩 공짜로 주시는데 죄송할 정도에요 ㅋㅋ ㅠㅠ$e$앞으로 자주 갈게요! 완전 추천!	2017-01-16 22:28:52
대전시 유성구 지족동 908-9	커피향기사람향기		김다해	맛있다	맛잇는 드립커피를 드시고 싶은 분이라면 강추합니다:)	2017-05-07 18:23:30
대전시 유성구 지족동 979-12	바글바글김치찌개		KimRichard	맛있다	삼겹살 강추!$e$밥 볶을때 파 조금만 넣어 주세요$e$이빨에 넘 끼고 파향이 볶음밥을 너무 지배해요	2015-08-02 13:07:51
대전시 유성구 지족동 979-12	바글바글김치찌개		JungMin Kang	맛있다	김치찌개, 삼겹살 모두 맛있고 음식이 아주 정갈하게 나온답니다.	2014-08-29 22:08:16
대전시 유성구 지족동 901-2	꽃마름		Uwkkbb	맛있다	갈때마다 만족스러움! 근데 땅콩소스 달라고해야 줌	2015-09-07 10:42:34
대전시 유성구 지족동 901-2	꽃마름		유으리	별로	벌레 나왔음$e$서비스도 꽝	2016-06-02 10:21:50
대전시 유성구 지족동 885-4	마실오슈		주영호	별로	다시는 안가고 싶다..밥과물만 먹을만하다...평점은 5점에1점이다...	2015-08-23 15:34:23
대전시 유성구 지족동 885-4	마실오슈		임재욱	맛있다	알탕 진짜 맛나요~	2015-05-03 09:50:01
대전시 유성구 지족동 898-1	돈부		HwangYunhee	맛있다	노은동에서 괜찮은 고깃집   우리가족은 고기먹으러갈때 여기만감	2016-02-07 16:28:00
대전시 유성구 지족동 884-1	김영희강남동태찜		언탁 최	괜찮다	굿굿	2014-05-22 23:25:10
대전시 유성구 지족동 884-1	김영희강남동태찜		염혜진	맛있다		2014-04-26 03:28:49
대전시 유성구 지족동 917-20	마쵸비		임재욱	맛있다		2015-05-03 09:48:45
대전시 유성구 지족동 905-2	하나참치		joooooonit	맛있다	.	2017-04-14 17:36:22
대전시 유성구 반석동 653-9	르쇼콜라데디유		inyeongchoi	맛있다	지금까지먹어봤던 수제초콜릿중에 가장맘에들어용ㅎㅎ24구짜리 선물받았는데 어느하나 별로인것 없이 하나하나 정성이 가득느껴지는 초콜릿이네요. 그리고 어떤초콜릿인지 24개모두 설명서가 함께 들어있어서 골라먹을때도 좋고 맛을 음미하면서 먹기도 아주좋아용. 미리예약을 하고가는게 좋다고 해요. 넘기분좋아지는 초콜릿 선물이네요 :-)	2016-03-13 17:56:08
대전시 유성구 반석동 653-9	르쇼콜라데디유		김율식	맛있다	반석역에서 느긋하게 걸어가다보면 방문할 수 있는 디저트집. 대형 제과점에서 파는 마카롱과 초콜릿 제품에 실망하셨다면 반드시 들리시길 바랍니다. 마카롱과 초콜릿 제품 가짓수도 다양할 뿐더러 직접 만드시는 쿠기도 훌륭합니다. 특히 이곳에 들리시면 초콜릿 음료를 드셔보시길 권장합니다.	2016-11-05 16:45:28
대전시 유성구 반석동 653-9	르쇼콜라데디유		Sion Park	맛있다	이곳은 프랑스 정통 마카롱과 초콜릿이 무엇인지를 알게 해 주는 전문점이에요. 최고의 맛 그리고 최고의 선물을 준비할 수 있을 뿐만 아니라, 마카롱과 수제 초콜릿을 배우는 클래스도 운영되고 있답니다.	2015-06-10 00:54:55
대전시 유성구 반석동 653-9	르쇼콜라데디유		북극곰	별로	마카롱은 투썸플레이스 것 보다 나은 정도고, 드립 커피는 탄내가 엄청 나는 쓴 맛만 가득했음. 차라리 다른 초코 종류를 먹었으면 더 나았을 것 같다.	2016-11-10 15:20:20
대전시 유성구 반석동 653-9	르쇼콜라데디유		시현승	맛있다	마카롱도 향이 진하면서 쫄깃하고, 쇼콜라는 달지않고 너무 쓰지도않으면서 향이 입안에 은은하게 올라오면서 진한 여운을 남기네요. 그런데 약간 텁텁함이 남는 것이 있어요	2016-12-17 15:54:07
대전시 유성구 반석동 659-1	후루룩손칼국수		유으리	괜찮다	반석동 후루룩 손칼국수에 다녀왔어요~$e$티비에도 나왔던 맛집이더라구요~$e$외관은 칼국수집답지 않게 성당같은 뉘킴인데 칼국수로 돈 벌으셔서 건물 세우신거라는 소문이 있네요 후덜덜$e$여기는 이름은 칼국수집인데 대표메뉴는 낙지볶음이래요~  낙지볶음에 소면이 아닌 칼국수면이 함께 나오는 게 특이한데 잘 어울리는 맛이였어요~매콤한 맛을 쿨피스랑 함께  나오는 국수 사리랑 먹으니 중화되고 좋았어요~$e$묵무침은 반찬으로 나오는건데 깔끔하니 좋더라구요~ 칼국수는 진한 육수맛이 낙지볶음이랑 함께 먹으니 더 맛났어요 호로록 호로록	2015-10-08 12:18:35
대전시 유성구 반석동 659-1	후루룩손칼국수		Mr.Kang	맛있다	대박 맛집!!$e$일단 배가 고파서 찾긴 했지만 차례로 나온 해물파전, 보쌈, 낙지볶음에 완전 반했음. $e$특히 낙지볶음은 은은한 불향과 맛있게 매콤한 맛이 기가 막힘. $e$$e$함께 나온 칼국수 사리도 인상 깊었지만 양념이 너무 맛있어서 공기밥 추가해 또 비벼먹음. $e$$e$교통이 애매하긴 하지만 조만간 또 방문 예정임. $e$$e$칼국수집으로는 어울리지 않는 식당 외관과 재치넘치는 캘리그래피가 인상적인 곳. $e$$e$강추합니다!	2015-07-31 01:10:14
대전시 유성구 반석동 659-1	후루룩손칼국수		강혜선	괜찮다	여기 리뷰가 없다니..ㅠㅠ 완전 맛집입니다. 전 칼국수보다는 낙지볶음을 더 좋아해요!! 밥 시간때가면 사람이 너무 많아서 번호표 받고 기다려야해요 예약 가능하니까 급한 분들은 예약하세용ㅎㅎㅎ 여자 둘이 가서 낙지볶음 2인분에 사리추가하고 해물파전까지 먹고 왔네요...낙지볶음 나올때 칼국수 국물 같이 나와요ㅎㅎㅎ	2015-03-23 12:28:44
대전시 유성구 반석동 659-1	후루룩손칼국수		장재혁 Bright	맛있다	낙지볶음 최고, . 막걸리가 절로 땡깁니다 칼국수는 보통. . 칼국수 맛집이 워낙 많아서. . 칼국수는 주변에 안고집칼국수나 오모리칼국수 둘다 추천$e$암튼 여기는 낙지볶음 강추. . 낙지볶음에 면사리. . 환상의 궁합. .	2016-01-26 15:50:22
대전시 유성구 반석동 659-1	후루룩손칼국수		sundaybus	맛있다	낚지볶음도 맛있고, 벽에 붙은 문구들도 재밌고 : )	2016-03-02 23:06:47
대전시 유성구 반석동 628-1	진성아구찜		찐	맛있다	간단한 반찬만 나오긴하지만 해물찜 아구찜 정말푸짐하게주는 식당이라 부모님이랑도 자주오는곳$e$맵기조절가능해 먹을수잇어 스트레스받는날은 정말맵게해달라고 해서 땀흘리면서 마싯게먹는다는$e$볶음밥도 맛남	2015-07-22 12:45:15
대전시 유성구 반석동 628-1	진성아구찜		김예나	맛있다		2015-09-16 23:31:07
대전시 유성구 반석동 657-4	겐로쿠우동		Mr.Kang	맛있다	양이 많음. $e$사이즈 업을 삼단계까지 할 수 있으나 가격은 동일. $e$닭고기 우동, 소고기 우동, 유부 우동 등. $e$우동 면발 혹은 소바로 선택 가능. $e$일행 중 국물이 좀 짜다고 느꼈던 사람이 있음. 하지만 내 입맛에는 good.$e$개인적으로는 구운 파가 토핑으로 들어간 것이 신의 한수라고 여겨짐. 향긋한 불맛이 식욕을 자극함. $e$장소는 다소 협소할 수 있으나 정갈한 편임. $e$식사시간엔 웨이팅 있음.	2016-04-20 15:11:22
대전시 유성구 반석동 657-4	겐로쿠우동		까미유	괜찮다	깊은 국물과..탱탱한 면발!$e$런치타임에는..사이즈업도 가능한..우동과 소바!그리고 $e$런치타임에 무료로 제공하는 유부초밥  또는 우엉밥!$e$정말 국물이 끝내줘요..$e$곁들인 구운파에선   은은한 불냄새.$e$이제껏 먹어본 우동 중 쵝오.	2014-12-18 20:55:32
대전시 유성구 반석동 628-2	돈돼지돈		찐	맛있다	요즘 삼겹살값도 오르고 생고기전문점이라 가격이 비쌀꺼라생각햇는데 $e$몇년째 가격동일 상호명만 바꿈$e$고기도 좋고 촌돼지김치찌개도 마싯음$e$항상 셋트메뉴로 시키면 둘이 배부르게먹고나오는곳	2015-07-29 15:18:40
대전시 유성구 반석동 644-8	동두천철판부대찌개		찐	맛있다	반찬도 잘나오지만 해물부대찌개가 정말 대박임$e$육수에 해물맛이 진하게 우려나와서 국물맛도 좋고 햄 해물 완전 푸짐하게 넣어주는곳 부대찌개안좋아하는데 해물이래서 시켯다 반해버린 동두천부대찌개	2015-07-27 11:22:19
대전시 유성구 반석동 625-2	싯온타임		다요	맛있다	뻥안치고 반석동에서 커피 제일 맛있는 집! 카페 내부를 못찍었는데 분위기도 싱그럽고ㅠㅠㅠㅠ디저트 메뉴도 하나하나 다 맛있는 단골이 되고싶은 그런 카페✨ 강력 추천합니다 :)	2017-05-30 23:54:21
대전시 유성구 반석동 657-3	슈가파이		민비	맛있다	브런치메뉴도 다양하고 타르트 종류도 많아서 좋아요^^	2015-08-13 16:28:44
대전시 유성구 지족동 984-3	깐부치킨		김정창	괜찮다	가격,양이 보통. 치킨은 맛있다.$e$크리스피치킨 추천.	2015-08-11 06:36:34
대전시 유성구 지족동 984-3	깐부치킨		김예나	맛있다		2015-09-16 23:26:31
대전시 유성구 반석동 424	대왕산삼백숙농원		잉명	괜찮다	쏘쏘- 산삼의 씁쓸한 맛이 특징. 나쁘지는 않지만 개인적인 기준에서는 좋지도 않음. 인삼막걸리는 좋아ㅏ	2016-07-18 21:48:32
대전시 유성구 반석동 644-9	정선산들곤드레밥		Rinny	맛있다	인당 10000원짜리 곤드레정식 먹음. 반찬도 깔끔하고 담백하고 전체적으로 건강한 식단이라는 느낌. 주변에 학교랑 아파트단지가 많아서 그런지 식당에 애들이 무지 많고 조금 소란스러운건 어쩔 수 없음. 하지만 곤드레밥이랑 반찬들이 너무 맛있어서 자주올 것 같다.	2017-02-13 10:56:25
대전시 유성구 반석동 629-8	이치고		김태희	맛있다	이치고 초밥 진짜 쵝오~!!  다른 메뉴도 먹으러 가야겠어요~ 예약은 필수~ 그냥가면 점심시간에도 먹기 힘들다는~^^	2015-08-17 09:07:14
대전시 유성구 반석동 629-8	이치고		sundaybus	맛있다	맛있어요~ 반석동 주차가 어렵지 않았다면 더 갔을 듯.	2016-01-13 18:59:10
대전시 유성구 반석동 654-5	카페사이애		오오오	맛있다	#먹은메뉴 #메뉴추천 #카페분위기$e$$e$#먹은메뉴$e$●당근케이크$e$●아메리카노$e$●카페모카$e$$e$#메뉴추천$e$《당근케이크》를 추천 드려요~$e$맛있습니다!! 한조각에 크고 양도 많습니다. 시트의 촉감은 촉촉하고 당근케이크 치고는 쫀쫀한 시트 입니다. 당근이 아낌없이 들어가 있고 일단 처음 먹었을때 계피향이 찐하고 좋아요.                  크림은 치즈크림인거 같은데 크림의 층이 얇은 당근케이크도 나쁘지 않은거 같아요 크림이 얇은 대신 시트가 크고 두껍습니다.$e$$e$#사이애에 가시게 된다면$e$《초코케이크도》 아주 초코초코 하게 생겼어요. 당근케이크를 먹느라 시키지 못했어요. 다음에 누가 초코 케이크에 대해서 올려 주셨으면 좋겠어요^^$e$$e$#카페 분위기$e$●사이애 카페 에서는 '핸드드립'을 '손흘림'이라고 부르더라고요 한글을 이용해서 사장님께서 직접 이름을 지으셨다고해요$e$ $e$●아기자기한 인테리어 소품과 빈티지한 분위기가 나는 전반적로 (실내는) 브라운톤의 카페예요 일단 그날  너무 추웠는데 카페가 크지 않아서 그런지 따뜻해서 진짜 좋았어요  큰 까페들은 추운 경우가 있어서	2017-02-02 18:17:33
대전시 유성구 반석동 654-5	카페사이애		sundaybus	맛있다	케익종류도 커피도 맛있고, 분위기도 좋아요 : ) 카운터 앞에 있는 소파같은 자리 정말 푹신해서 거기 앉아서 친구랑 케익 먹으면서 얘기 나누면 속에 있는 비밀 얘기 다 해버릴 것처럼 솔직해지는 것 같아요	2016-03-03 01:05:09
대전시 유성구 반석동 646-6	55닭갈비전문점		심야식당	괜찮다	맛이 쎄지않아 그냥 무난무난하다. 별5개 이상의 맛을 가졌다는 뜻을 가졌지만 그정도는 아니다.	2016-06-27 22:49:36
대전시 유성구 반석동 646-6	55닭갈비전문점		서녕	맛있다	닭갈비 먹어본것중에쵝옹♡	2015-09-15 02:16:17
대전시 유성구 반석동 623	조선닭강정		뽀	맛있다	닭강정 매운맛 추천요~	2016-12-08 16:16:13
대전시 유성구 반석동 623	조선닭강정		뽀	맛있다	닭강정&닭매운탕	2016-12-08 16:15:04
대전시 유성구 반석동 334-3	보리골두부촌		뽀	별로	가격대비 완전 비추. 여기보다 노은역 뒤편에 거저울돌솥밥이 가격,양,맛,퀄리티 다 훨씬 월등합니다.$e$둘이와서 인당 15000원 스페셜정식을 시켰는데 기본반찬들에다가 수육4개 두부4개 큰접시에 나오길래 두부가 반찬인줄알고 더 달라했더니....그게 요리라네요 요리는 만원더내고 추가하라는...ㅡㅡ두부크기가 수육보다 작은걸로 4개 나왔습니다.백반집수준	2014-09-28 14:44:35
대전시 유성구 반석동 654-4	커피메모리		유으리	괜찮다	반석역은 대전지하철에서 끝 쪽에 있는 곳인데 이쪽에 카페골목이 잘 형성되어있더라구요~$e$어느커피숍을 갈까 몹시 고민되는 동네에서 가장 아웃테리어가 이쁜 곳으로 선택했네요~  유럽풍 건물과 어울리게 인테리어도 엔틱하더라구요~$e$커피도 향도 좋고 맛도 좋았어요~  캬라멜 마끼야또에 크림 올려주시는것도 신선하고 좋았네요~  휘핑크림은 사랑입니다$e$다만 키위쥬스에서 시럽맛이 나는게 살짝 아쉬웠어요~~	2015-10-08 12:20:08
대전시 유성구 반석동 646-7	쇼군		철	괜찮다		2014-07-27 21:59:20
대전시 유성구 하기동 533-1	가내수공업		송혜승	맛있다	2인 셋트메뉴 먹었어요. 가격대비 양이 많고, 불쭈꾸미 맛있어요	2015-11-03 17:31:08
대전시 유성구 하기동 529-2	디어메이트		sundaybus	별로	1년 전에 갔지만, 공간은 너무 좋은데 커피 맛은 더 신경써야할 것 같았어요. 지금은 더 나아졌기를...	2016-03-03 01:08:03
대전시 유성구 하기동 345-1	오시오칼국수		joooooonit	맛있다	.	2017-05-14 12:18:13
대전시 유성구 하기동 18	박속낙지탕		joooooonit	맛있다	.	2017-02-24 12:48:08
대전시 유성구 외삼동 334	식후경		장재혁 Bright	맛있다	돼지갈비 추천합니다 상차림도 잘 나오구요  다만 찾아가기가 조금(유턴) 힘들어서. . .	2016-01-26 15:44:38
대전시 유성구 외삼동 334	식후경		이상현	괜찮다		2014-04-12 23:12:10
대전시 유성구 외삼동 499	착한오리		임가현	맛있다		2015-01-14 17:07:59
